Building Name,Typology Group,Typology,Sub-Type Group,SubType,GFA,Avg_Daily_Occupants,Audit 1,Audit 2,Audit 3,Audit 4,Audit 5,Total_Waste,Audit_Avg,Waste Production Category
B1887G,5,Industrial,12,Manufacturing,18767,335,1265,1146,1086,1275,1280,6052,1210,Moderate Waste Production (1000-1500KG)
B1940Y,3,Educational,7,Nurseries,6274,272,860,643,663,729,890,3785,757,Low Waste Production (500-1000KG)
B1131Z,2,Residential,4,Landed Property,2844,5,11,12,11,12,13,59,12,Lowest Waste Production (<500KG)
B1589F,4,Institutional,11,Fire Station,10812,240,231,333,300,367,234,1465,293,Lowest Waste Production (<500KG)
B1392S,6,Storage,15,Garage,125363,250,775,970,1110,1001,776,4632,926,Low Waste Production (500-1000KG)
B1236S,4,Institutional,10,Police Station,8532,170,822,786,1003,820,715,4146,829,Low Waste Production (500-1000KG)
B1497V,5,Industrial,12,Manufacturing,19686,288,1243,1267,1091,1268,1296,6165,1233,Moderate Waste Production (1000-1500KG)
B1551R,4,Institutional,9,Airport,100273,22179,3614,3906,5181,4821,5965,23487,4697,Highest Waste Production (>3500KG)
B1211P,4,Institutional,9,Airport,101494,21840,4341,5014,4072,5789,3528,22744,4549,Highest Waste Production (>3500KG)
B1584R,6,Storage,15,Garage,127155,347,1198,995,916,1166,1252,5527,1105,Moderate Waste Production (1000-1500KG)
B1211I,3,Educational,8,Student residences,10523,7541,1024,1077,1146,1033,1134,5414,1083,Moderate Waste Production (1000-1500KG)
B1989L,4,Institutional,10,Police Station,8250,197,1070,857,870,815,1015,4627,925,Low Waste Production (500-1000KG)
B1275C,2,Residential,4,Landed Property,2041,9,12,15,12,13,15,67,13,Lowest Waste Production (<500KG)
B1894O,5,Industrial,12,Manufacturing,18537,570,1277,1063,1114,1238,1084,5776,1155,Moderate Waste Production (1000-1500KG)
B1887Z,4,Institutional,11,Fire Station,10518,193,391,293,303,257,360,1604,321,Lowest Waste Production (<500KG)
B1277A,2,Residential,5,Apartment,1476,2,6,11,10,10,6,43,9,Lowest Waste Production (<500KG)
B1386J,3,Educational,8,Student residences,10197,6172,1046,1131,1185,1162,1165,5689,1138,Moderate Waste Production (1000-1500KG)
B1249B,3,Educational,8,Student residences,11618,8359,1036,1117,1061,1195,1053,5462,1092,Moderate Waste Production (1000-1500KG)
B1170J,5,Industrial,13,Data Center,93768,350,553,273,349,455,563,2193,439,Lowest Waste Production (<500KG)
B1590U,3,Educational,6,University,32400,27213,589,731,825,444,618,3207,641,Low Waste Production (500-1000KG)
B1212I,5,Industrial,12,Manufacturing,19353,580,1025,1272,1123,1179,1127,5726,1145,Moderate Waste Production (1000-1500KG)
B1441F,1,Commercial,3,Retail Non-Food,8819,874,10,185,410,133,113,851,170,Lowest Waste Production (<500KG)
B1386A,1,Commercial,1,Retail Mixed,21378,3105,1294,1549,1979,539,694,6055,1211,Moderate Waste Production (1000-1500KG)
B1560H,2,Residential,4,Landed Property,2640,8,14,11,12,12,11,60,12,Lowest Waste Production (<500KG)
B1095A,3,Educational,8,Student residences,10581,9568,1109,1123,1010,1000,1158,5400,1080,Moderate Waste Production (1000-1500KG)
B1245U,6,Storage,15,Garage,124498,461,987,866,1027,1161,898,4939,988,Low Waste Production (500-1000KG)
B1335K,2,Residential,4,Landed Property,2421,6,10,15,10,13,13,61,12,Lowest Waste Production (<500KG)
B1704G,4,Institutional,10,Police Station,9356,136,852,726,948,796,1129,4451,890,Low Waste Production (500-1000KG)
B1286D,1,Commercial,3,Retail Non-Food,11612,1057,360,344,304,364,112,1484,297,Lowest Waste Production (<500KG)
B1704A,4,Institutional,10,Police Station,8957,147,916,851,1182,1194,1178,5321,1064,Moderate Waste Production (1000-1500KG)
B1877T,3,Educational,6,University,27269,23468,759,480,787,667,588,3281,656,Low Waste Production (500-1000KG)
B1795Z,3,Educational,8,Student residences,11784,9339,1142,1132,1021,1182,1019,5496,1099,Moderate Waste Production (1000-1500KG)
B1201B,6,Storage,14,Warehouse,166354,496,1062,1153,1246,1189,862,5512,1102,Moderate Waste Production (1000-1500KG)
B1906P,5,Industrial,13,Data Center,98128,343,515,263,234,570,245,1827,365,Lowest Waste Production (<500KG)
B1967U,4,Institutional,11,Fire Station,10872,124,351,272,234,204,241,1302,260,Lowest Waste Production (<500KG)
B1327L,6,Storage,15,Garage,127459,361,877,980,1238,838,767,4700,940,Low Waste Production (500-1000KG)
B1455O,4,Institutional,10,Police Station,8480,163,1126,1021,970,996,1148,5261,1052,Moderate Waste Production (1000-1500KG)
B1439U,3,Educational,8,Student residences,11727,7687,1020,1083,1156,1071,1081,5411,1082,Moderate Waste Production (1000-1500KG)
B1283B,4,Institutional,9,Airport,104095,20457,5364,4794,3698,5940,4977,24773,4955,Highest Waste Production (>3500KG)
B1624Q,1,Commercial,3,Retail Non-Food,11897,1266,302,400,78,450,294,1524,305,Lowest Waste Production (<500KG)
B1481Y,1,Commercial,1,Retail Mixed,16759,2345,1623,1667,1211,2082,1073,7656,1531,Moderately High Waste Production (1500-2000KG)
B1653Q,5,Industrial,12,Manufacturing,19613,540,1034,1230,1076,1287,1163,5790,1158,Moderate Waste Production (1000-1500KG)
B1150S,3,Educational,6,University,34860,23935,975,483,507,993,522,3480,696,Low Waste Production (500-1000KG)
B1295K,1,Commercial,3,Retail Non-Food,11591,1007,365,66,287,208,348,1274,255,Lowest Waste Production (<500KG)
B1183Z,4,Institutional,11,Fire Station,9260,195,324,268,258,390,363,1603,321,Lowest Waste Production (<500KG)
B1033F,5,Industrial,12,Manufacturing,19790,520,1280,1234,1192,1263,1126,6095,1219,Moderate Waste Production (1000-1500KG)
B1210A,1,Commercial,2,Office,9967,710,28,35,1,5,34,103,21,Lowest Waste Production (<500KG)
B1064D,5,Industrial,12,Manufacturing,18119,289,1118,1167,1014,1221,1154,5674,1135,Moderate Waste Production (1000-1500KG)
B1544G,6,Storage,15,Garage,124803,386,857,844,826,1296,751,4574,915,Low Waste Production (500-1000KG)
B1300X,3,Educational,6,University,30292,27087,733,540,786,812,982,3853,771,Low Waste Production (500-1000KG)
B1400M,3,Educational,6,University,25111,26776,620,403,461,718,730,2932,586,Low Waste Production (500-1000KG)
B1966F,3,Educational,7,Nurseries,6301,136,747,537,714,957,557,3512,702,Low Waste Production (500-1000KG)
B1835Z,6,Storage,14,Warehouse,161479,530,1347,708,1052,628,859,4594,919,Low Waste Production (500-1000KG)
B1665B,2,Residential,5,Apartment,1321,6,8,8,7,10,7,40,8,Lowest Waste Production (<500KG)
B1433F,4,Institutional,11,Fire Station,9043,214,306,367,330,262,387,1652,330,Lowest Waste Production (<500KG)
B1290X,6,Storage,15,Garage,125311,288,769,1106,807,1155,1160,4997,999,Low Waste Production (500-1000KG)
B1516Y,3,Educational,7,Nurseries,6129,117,556,796,828,647,519,3346,669,Low Waste Production (500-1000KG)
B1859W,3,Educational,6,University,26235,29104,785,664,950,710,721,3830,766,Low Waste Production (500-1000KG)
B1858X,4,Institutional,9,Airport,104543,21583,3126,3619,3091,4434,5187,19457,3891,Highest Waste Production (>3500KG)
B1858P,6,Storage,14,Warehouse,151784,515,1247,1480,1066,1283,1109,6185,1237,Moderate Waste Production (1000-1500KG)
B1578A,3,Educational,7,Nurseries,6071,169,538,591,553,523,538,2743,549,Low Waste Production (500-1000KG)
B1681Q,1,Commercial,2,Office,8243,794,5,1,82,47,75,210,42,Lowest Waste Production (<500KG)
B1998B,4,Institutional,11,Fire Station,9115,116,302,250,317,388,282,1539,308,Lowest Waste Production (<500KG)
B1121M,1,Commercial,2,Office,14665,322,80,27,10,4,30,151,30,Lowest Waste Production (<500KG)
B1945Y,3,Educational,7,Nurseries,6308,114,974,875,994,637,960,4440,888,Low Waste Production (500-1000KG)
B1934B,3,Educational,6,University,26744,27302,487,763,541,562,724,3077,615,Low Waste Production (500-1000KG)
B1773B,4,Institutional,11,Fire Station,10789,241,269,234,363,311,204,1381,276,Lowest Waste Production (<500KG)
B1326Q,6,Storage,14,Warehouse,162016,564,900,1273,1052,837,845,4907,981,Low Waste Production (500-1000KG)
B1869A,3,Educational,6,University,26318,22010,691,717,927,771,547,3653,731,Low Waste Production (500-1000KG)
B1546R,3,Educational,7,Nurseries,6122,223,530,778,778,872,721,3679,736,Low Waste Production (500-1000KG)
B1784P,2,Residential,4,Landed Property,2304,9,13,12,15,14,15,69,14,Lowest Waste Production (<500KG)
B1942Z,4,Institutional,9,Airport,97759,22493,5683,4243,5955,5388,3973,25242,5048,Highest Waste Production (>3500KG)
B1209U,6,Storage,15,Garage,126608,251,816,1132,955,889,1033,4825,965,Low Waste Production (500-1000KG)
B1967A,5,Industrial,13,Data Center,103272,259,565,398,553,239,257,2012,402,Lowest Waste Production (<500KG)
B1172Z,6,Storage,14,Warehouse,156402,500,1383,1275,587,577,1334,5156,1031,Moderate Waste Production (1000-1500KG)
B1619M,3,Educational,6,University,25511,29297,626,873,544,717,976,3736,747,Low Waste Production (500-1000KG)
B1605U,6,Storage,15,Garage,122544,450,1093,857,1048,1298,1250,5546,1109,Moderate Waste Production (1000-1500KG)
B1405B,6,Storage,15,Garage,125107,272,1114,1199,1010,818,1241,5382,1076,Moderate Waste Production (1000-1500KG)
B1698J,3,Educational,6,University,30273,27445,418,588,808,681,404,2899,580,Low Waste Production (500-1000KG)
B1208J,4,Institutional,11,Fire Station,10381,103,260,347,341,327,378,1653,331,Lowest Waste Production (<500KG)
B1404J,3,Educational,7,Nurseries,6398,105,671,708,785,512,744,3420,684,Low Waste Production (500-1000KG)
B1233T,5,Industrial,13,Data Center,106897,515,376,306,375,408,471,1936,387,Lowest Waste Production (<500KG)
B1262D,6,Storage,14,Warehouse,154370,576,798,798,1019,1026,589,4230,846,Low Waste Production (500-1000KG)
B1482Z,5,Industrial,13,Data Center,105303,336,248,216,386,339,518,1707,341,Lowest Waste Production (<500KG)
B1012J,3,Educational,7,Nurseries,6280,242,655,648,691,795,784,3573,715,Low Waste Production (500-1000KG)
B1446B,1,Commercial,3,Retail Non-Food,10850,840,58,29,129,55,391,662,132,Lowest Waste Production (<500KG)
B1107B,3,Educational,6,University,28901,24089,485,930,600,780,953,3748,750,Low Waste Production (500-1000KG)
B1975Y,3,Educational,6,University,34946,22819,722,488,830,566,878,3484,697,Low Waste Production (500-1000KG)
B1336J,4,Institutional,11,Fire Station,10826,169,287,295,332,336,258,1508,302,Lowest Waste Production (<500KG)
B1981Q,4,Institutional,10,Police Station,8477,175,825,1109,943,1008,880,4765,953,Low Waste Production (500-1000KG)
B1539V,6,Storage,14,Warehouse,150234,372,1047,1191,672,1410,1001,5321,1064,Moderate Waste Production (1000-1500KG)
B1437E,3,Educational,7,Nurseries,6298,247,542,571,728,881,910,3632,726,Low Waste Production (500-1000KG)
B1432M,4,Institutional,11,Fire Station,9525,148,211,245,200,238,273,1167,233,Lowest Waste Production (<500KG)
B1908S,5,Industrial,12,Manufacturing,19279,524,1116,1143,1234,1020,1207,5720,1144,Moderate Waste Production (1000-1500KG)
B1106G,3,Educational,6,University,34260,23438,979,984,933,836,705,4437,887,Low Waste Production (500-1000KG)
B1862Y,5,Industrial,12,Manufacturing,19551,251,1220,1162,1207,1060,1100,5749,1150,Moderate Waste Production (1000-1500KG)
B1830Q,3,Educational,7,Nurseries,6721,118,905,689,542,688,790,3614,723,Low Waste Production (500-1000KG)
B1637J,5,Industrial,12,Manufacturing,18965,382,1013,1158,1241,1228,1264,5904,1181,Moderate Waste Production (1000-1500KG)
B1321Y,6,Storage,15,Garage,126339,513,1095,1162,931,1189,810,5187,1037,Moderate Waste Production (1000-1500KG)
B1636T,5,Industrial,13,Data Center,109688,467,599,536,594,588,538,2855,571,Low Waste Production (500-1000KG)
B1901D,5,Industrial,13,Data Center,108690,395,488,574,441,355,237,2095,419,Lowest Waste Production (<500KG)
B1019Q,2,Residential,5,Apartment,1264,3,6,8,6,7,8,35,7,Lowest Waste Production (<500KG)
B1368R,6,Storage,15,Garage,121154,558,804,1244,1291,1165,751,5255,1051,Moderate Waste Production (1000-1500KG)
B1626C,6,Storage,15,Garage,122165,546,1276,938,1061,1112,1030,5417,1083,Moderate Waste Production (1000-1500KG)
B1198K,6,Storage,15,Garage,125039,319,932,1182,1269,1216,869,5468,1094,Moderate Waste Production (1000-1500KG)
B1123W,2,Residential,5,Apartment,1248,2,10,6,10,7,8,41,8,Lowest Waste Production (<500KG)
B1969A,1,Commercial,2,Office,8041,710,11,48,60,60,81,260,52,Lowest Waste Production (<500KG)
B1607H,6,Storage,15,Garage,122860,549,1029,1279,1031,830,1098,5267,1053,Moderate Waste Production (1000-1500KG)
B1319G,5,Industrial,12,Manufacturing,19333,378,1275,1072,1022,1137,1106,5612,1122,Moderate Waste Production (1000-1500KG)
B1108A,6,Storage,15,Garage,128524,310,832,1126,963,791,870,4582,916,Low Waste Production (500-1000KG)
B1745I,2,Residential,5,Apartment,1317,2,9,7,6,6,8,36,7,Lowest Waste Production (<500KG)
B1015Z,4,Institutional,11,Fire Station,10273,122,224,355,236,362,340,1517,303,Lowest Waste Production (<500KG)
B1685L,4,Institutional,9,Airport,98848,22419,3744,5405,5611,4316,4080,23156,4631,Highest Waste Production (>3500KG)
B1269Z,5,Industrial,12,Manufacturing,18868,547,1104,1236,1021,1031,1079,5471,1094,Moderate Waste Production (1000-1500KG)
B1745Q,2,Residential,4,Landed Property,2643,8,11,15,12,13,14,65,13,Lowest Waste Production (<500KG)
B1204W,3,Educational,6,University,30888,20311,439,565,554,937,622,3117,623,Low Waste Production (500-1000KG)
B1097C,6,Storage,14,Warehouse,157402,395,1226,1192,1430,1432,728,6008,1202,Moderate Waste Production (1000-1500KG)
B1314C,1,Commercial,1,Retail Mixed,17392,2158,621,610,1018,1019,369,3637,727,Low Waste Production (500-1000KG)
B1285D,3,Educational,6,University,30776,29593,797,987,443,884,631,3742,748,Low Waste Production (500-1000KG)
B1152Q,4,Institutional,11,Fire Station,10229,178,337,378,289,316,326,1646,329,Lowest Waste Production (<500KG)
B1081J,2,Residential,4,Landed Property,2964,6,11,14,11,14,12,62,12,Lowest Waste Production (<500KG)
B1619H,4,Institutional,11,Fire Station,10517,136,365,313,381,346,288,1693,339,Lowest Waste Production (<500KG)
B1864J,3,Educational,7,Nurseries,6365,193,770,738,524,613,704,3349,670,Low Waste Production (500-1000KG)
B1151W,4,Institutional,9,Airport,98376,20479,3311,5198,4485,4145,4639,21778,4356,Highest Waste Production (>3500KG)
B1468G,5,Industrial,13,Data Center,105092,263,387,310,592,393,483,2165,433,Lowest Waste Production (<500KG)
B1380N,5,Industrial,13,Data Center,92546,374,497,587,254,322,501,2161,432,Lowest Waste Production (<500KG)
B1021D,4,Institutional,9,Airport,95775,20743,5244,3462,4964,3003,3298,19971,3994,Highest Waste Production (>3500KG)
B1002S,4,Institutional,10,Police Station,8502,211,919,748,1041,1200,905,4813,963,Low Waste Production (500-1000KG)
B1597Z,3,Educational,6,University,33068,22740,978,447,693,661,643,3422,684,Low Waste Production (500-1000KG)
B1552Q,1,Commercial,3,Retail Non-Food,9798,1153,275,224,385,104,417,1405,281,Lowest Waste Production (<500KG)
B1258K,3,Educational,7,Nurseries,6332,109,636,678,915,679,534,3442,688,Low Waste Production (500-1000KG)
B1319W,4,Institutional,9,Airport,95579,22503,3076,4977,3764,5901,5410,23128,4626,Highest Waste Production (>3500KG)
B1792K,1,Commercial,3,Retail Non-Food,8159,1165,427,172,33,359,81,1072,214,Lowest Waste Production (<500KG)
B1095E,2,Residential,4,Landed Property,2337,9,15,10,11,11,13,60,12,Lowest Waste Production (<500KG)
B1407P,4,Institutional,10,Police Station,8248,147,856,1062,1009,1015,976,4918,984,Low Waste Production (500-1000KG)
B1440X,4,Institutional,10,Police Station,9100,100,806,958,1112,1059,1176,5111,1022,Moderate Waste Production (1000-1500KG)
B1134Q,2,Residential,4,Landed Property,2850,5,15,11,10,14,11,61,12,Lowest Waste Production (<500KG)
B1733E,3,Educational,6,University,27051,28211,940,733,442,953,753,3821,764,Low Waste Production (500-1000KG)
B1420Z,1,Commercial,1,Retail Mixed,12245,3599,1927,1201,1402,1968,1886,8384,1677,Moderately High Waste Production (1500-2000KG)
B1229N,3,Educational,7,Nurseries,6958,181,766,603,515,634,898,3416,683,Low Waste Production (500-1000KG)
B1469G,4,Institutional,9,Airport,100878,22955,5301,3419,3711,5246,5910,23587,4717,Highest Waste Production (>3500KG)
B1767I,4,Institutional,10,Police Station,9214,187,1029,773,790,896,989,4477,895,Low Waste Production (500-1000KG)
B1175C,3,Educational,8,Student residences,10465,6040,1123,1043,1041,1084,1125,5416,1083,Moderate Waste Production (1000-1500KG)
B1630B,1,Commercial,1,Retail Mixed,14050,3273,691,767,1643,584,1026,4711,942,Low Waste Production (500-1000KG)
B1997K,3,Educational,8,Student residences,10235,9016,1123,1133,1141,1055,1188,5640,1128,Moderate Waste Production (1000-1500KG)
B1933G,3,Educational,7,Nurseries,6105,121,505,565,654,565,686,2975,595,Low Waste Production (500-1000KG)
B1672N,1,Commercial,1,Retail Mixed,22798,3356,1477,1743,571,1489,1442,6722,1344,Moderate Waste Production (1000-1500KG)
B1686E,3,Educational,7,Nurseries,6843,170,697,954,673,809,918,4051,810,Low Waste Production (500-1000KG)
B1391S,1,Commercial,2,Office,4491,98,28,26,50,69,57,230,46,Lowest Waste Production (<500KG)
B1791I,3,Educational,8,Student residences,10887,8341,1072,1166,1142,1190,1066,5636,1127,Moderate Waste Production (1000-1500KG)
B1808V,1,Commercial,3,Retail Non-Food,8612,915,354,141,372,21,284,1172,234,Lowest Waste Production (<500KG)
B1997M,2,Residential,5,Apartment,1058,2,10,11,8,6,10,45,9,Lowest Waste Production (<500KG)
B1248E,6,Storage,15,Garage,124646,314,1004,1023,815,1156,964,4962,992,Low Waste Production (500-1000KG)
B1259U,4,Institutional,11,Fire Station,10353,213,309,236,229,264,345,1383,277,Lowest Waste Production (<500KG)
B1266H,3,Educational,8,Student residences,10997,9267,1069,1171,1041,1200,1015,5496,1099,Moderate Waste Production (1000-1500KG)
B1422X,4,Institutional,11,Fire Station,9037,136,268,387,280,347,226,1508,302,Lowest Waste Production (<500KG)
B1170L,5,Industrial,13,Data Center,107944,510,560,349,281,422,550,2162,432,Lowest Waste Production (<500KG)
B1159B,1,Commercial,3,Retail Non-Food,10975,1203,233,438,305,6,348,1330,266,Lowest Waste Production (<500KG)
B1591Y,3,Educational,8,Student residences,10431,6356,1145,1060,1091,1183,1027,5506,1101,Moderate Waste Production (1000-1500KG)
B1088P,4,Institutional,9,Airport,104328,20957,5966,5983,5694,3883,5420,26946,5389,Highest Waste Production (>3500KG)
B1355P,4,Institutional,9,Airport,96780,20708,4946,4151,4961,3964,4232,22254,4451,Highest Waste Production (>3500KG)
B1009Z,6,Storage,15,Garage,123606,256,1231,1200,895,1149,786,5261,1052,Moderate Waste Production (1000-1500KG)
B1513W,6,Storage,14,Warehouse,167294,568,580,590,1469,632,1201,4472,894,Low Waste Production (500-1000KG)
B1119S,4,Institutional,9,Airport,103451,22687,5263,3548,3573,5663,4025,22072,4414,Highest Waste Production (>3500KG)
B1814U,1,Commercial,2,Office,6573,645,99,81,60,28,41,309,62,Lowest Waste Production (<500KG)
B1354J,1,Commercial,1,Retail Mixed,18090,2259,2257,676,1742,2291,2159,9125,1825,Moderately High Waste Production (1500-2000KG)
B1327S,4,Institutional,9,Airport,100339,22594,3667,3203,4608,5029,5463,21970,4394,Highest Waste Production (>3500KG)
B1368P,1,Commercial,3,Retail Non-Food,11829,1207,427,243,190,258,378,1496,299,Lowest Waste Production (<500KG)
B1611Q,6,Storage,15,Garage,129455,520,1237,784,752,1074,814,4661,932,Low Waste Production (500-1000KG)
B1156J,3,Educational,7,Nurseries,6275,123,826,618,756,744,751,3695,739,Low Waste Production (500-1000KG)
B1498O,4,Institutional,10,Police Station,9126,212,1083,1139,1087,886,777,4972,994,Low Waste Production (500-1000KG)
B1567D,1,Commercial,1,Retail Mixed,22863,2441,2041,667,1850,622,989,6169,1234,Moderate Waste Production (1000-1500KG)
B1615I,4,Institutional,10,Police Station,9867,107,887,893,847,1031,962,4620,924,Low Waste Production (500-1000KG)
B1024I,5,Industrial,12,Manufacturing,19181,446,1099,1287,1278,1008,1036,5708,1142,Moderate Waste Production (1000-1500KG)
B1005X,1,Commercial,2,Office,8055,795,49,83,62,67,27,288,58,Lowest Waste Production (<500KG)
B1631M,5,Industrial,13,Data Center,103416,550,419,539,548,487,426,2419,484,Lowest Waste Production (<500KG)
B1371W,4,Institutional,10,Police Station,8830,181,1194,860,709,898,903,4564,913,Low Waste Production (500-1000KG)
B1586K,3,Educational,7,Nurseries,6992,197,809,984,519,706,676,3694,739,Low Waste Production (500-1000KG)
B1413S,3,Educational,7,Nurseries,6754,150,925,764,770,995,520,3974,795,Low Waste Production (500-1000KG)
B1708O,3,Educational,6,University,31270,28853,518,645,656,962,429,3210,642,Low Waste Production (500-1000KG)
B1472W,5,Industrial,12,Manufacturing,19695,353,1297,1162,1003,1131,1258,5851,1170,Moderate Waste Production (1000-1500KG)
B1828S,2,Residential,4,Landed Property,2159,8,14,10,13,15,11,63,13,Lowest Waste Production (<500KG)
B1259K,1,Commercial,1,Retail Mixed,13993,2030,1553,1239,2278,944,1790,7804,1561,Moderately High Waste Production (1500-2000KG)
B1679E,2,Residential,5,Apartment,1385,4,6,10,8,10,8,42,8,Lowest Waste Production (<500KG)
B1033X,4,Institutional,9,Airport,97059,20057,4831,5692,4020,5335,4600,24478,4896,Highest Waste Production (>3500KG)
B1422C,5,Industrial,13,Data Center,102035,462,486,564,467,359,456,2332,466,Lowest Waste Production (<500KG)
B1720K,3,Educational,8,Student residences,11363,6155,1052,1168,1085,1007,1077,5389,1078,Moderate Waste Production (1000-1500KG)
B1877X,6,Storage,14,Warehouse,165912,452,1395,926,1108,1273,535,5237,1047,Moderate Waste Production (1000-1500KG)
B1745Y,2,Residential,4,Landed Property,2555,7,12,12,10,10,12,56,11,Lowest Waste Production (<500KG)
B1724Z,4,Institutional,11,Fire Station,9186,159,309,297,376,272,254,1508,302,Lowest Waste Production (<500KG)
B1713Y,6,Storage,15,Garage,123962,279,1232,1214,1025,1102,781,5354,1071,Moderate Waste Production (1000-1500KG)
B1671B,3,Educational,8,Student residences,11515,8346,1047,1100,1169,1181,1158,5655,1131,Moderate Waste Production (1000-1500KG)
B1079G,3,Educational,6,University,25544,26290,710,832,503,670,561,3276,655,Low Waste Production (500-1000KG)
B1844R,4,Institutional,11,Fire Station,10288,202,274,344,225,376,370,1589,318,Lowest Waste Production (<500KG)
B1005V,4,Institutional,10,Police Station,8273,181,901,892,927,862,977,4559,912,Low Waste Production (500-1000KG)
B1648Q,5,Industrial,13,Data Center,105600,577,596,310,575,201,388,2070,414,Lowest Waste Production (<500KG)
B1203Z,3,Educational,6,University,28802,22671,666,945,897,417,840,3765,753,Low Waste Production (500-1000KG)
B1601U,3,Educational,7,Nurseries,6427,216,573,666,918,815,846,3818,764,Low Waste Production (500-1000KG)
B1291Q,3,Educational,6,University,28593,24135,874,596,792,903,924,4089,818,Low Waste Production (500-1000KG)
B1395X,4,Institutional,9,Airport,96664,22675,5812,3377,4053,5581,4727,23550,4710,Highest Waste Production (>3500KG)
B1174Q,2,Residential,4,Landed Property,2977,7,15,12,15,13,10,65,13,Lowest Waste Production (<500KG)
B1704B,6,Storage,14,Warehouse,157804,583,1036,1196,693,517,1366,4808,962,Low Waste Production (500-1000KG)
B1505O,2,Residential,5,Apartment,1099,5,11,10,11,9,9,50,10,Lowest Waste Production (<500KG)
B1646E,2,Residential,4,Landed Property,2112,5,14,11,10,10,12,57,11,Lowest Waste Production (<500KG)
B1093P,1,Commercial,2,Office,13287,569,40,42,5,2,98,187,37,Lowest Waste Production (<500KG)
B1760I,1,Commercial,2,Office,4230,239,30,7,56,53,6,152,30,Lowest Waste Production (<500KG)
B1114K,4,Institutional,11,Fire Station,10822,141,307,368,361,261,226,1523,305,Lowest Waste Production (<500KG)
B1450E,3,Educational,8,Student residences,11288,7850,1168,1098,1046,1067,1128,5507,1101,Moderate Waste Production (1000-1500KG)
B1496O,3,Educational,7,Nurseries,6558,123,812,791,960,568,583,3714,743,Low Waste Production (500-1000KG)
B1264I,3,Educational,7,Nurseries,6929,222,877,755,516,694,534,3376,675,Low Waste Production (500-1000KG)
B1498A,1,Commercial,1,Retail Mixed,15355,3650,1062,690,1922,1223,1763,6660,1332,Moderate Waste Production (1000-1500KG)
B1127P,6,Storage,15,Garage,125038,407,1131,840,986,827,1247,5031,1006,Moderate Waste Production (1000-1500KG)
B1228S,6,Storage,15,Garage,121294,472,856,873,1088,850,1270,4937,987,Low Waste Production (500-1000KG)
B1073E,1,Commercial,3,Retail Non-Food,10807,1076,256,4,225,14,52,551,110,Lowest Waste Production (<500KG)
B1311U,6,Storage,14,Warehouse,164889,565,989,561,1250,627,1259,4686,937,Low Waste Production (500-1000KG)
B1881F,6,Storage,14,Warehouse,151983,258,1232,935,892,1311,548,4918,984,Low Waste Production (500-1000KG)
B1901E,2,Residential,4,Landed Property,2776,8,15,15,11,11,10,62,12,Lowest Waste Production (<500KG)
B1077M,4,Institutional,9,Airport,101710,22354,4769,3291,3935,3631,3208,18834,3767,Highest Waste Production (>3500KG)
B1347Z,1,Commercial,2,Office,10275,284,4,50,78,31,80,243,49,Lowest Waste Production (<500KG)
B1327H,5,Industrial,12,Manufacturing,19997,328,1281,1118,1230,1111,1065,5805,1161,Moderate Waste Production (1000-1500KG)
B1524D,5,Industrial,13,Data Center,93134,305,510,316,459,534,281,2100,420,Lowest Waste Production (<500KG)
B1796O,3,Educational,6,University,34495,20440,776,859,689,833,960,4117,823,Low Waste Production (500-1000KG)
B1461L,4,Institutional,9,Airport,101515,21685,4234,3757,4083,3686,3479,19239,3848,Highest Waste Production (>3500KG)
B1629O,3,Educational,8,Student residences,10162,8603,1039,1057,1068,1048,1135,5347,1069,Moderate Waste Production (1000-1500KG)
B1238A,6,Storage,15,Garage,125685,593,1096,753,1256,1176,840,5121,1024,Moderate Waste Production (1000-1500KG)
B1651Q,1,Commercial,3,Retail Non-Food,10063,1058,281,185,334,139,403,1342,268,Lowest Waste Production (<500KG)
B1242Q,3,Educational,6,University,31438,28934,416,900,846,692,937,3791,758,Low Waste Production (500-1000KG)
B1476F,4,Institutional,10,Police Station,9837,225,833,1173,774,953,1194,4927,985,Low Waste Production (500-1000KG)
B1661F,4,Institutional,9,Airport,102825,21261,4385,3352,3940,3330,3861,18868,3774,Highest Waste Production (>3500KG)
B1830C,6,Storage,15,Garage,121462,501,827,917,1023,817,1197,4781,956,Low Waste Production (500-1000KG)
B1509T,4,Institutional,10,Police Station,9193,112,1007,702,905,1188,1031,4833,967,Low Waste Production (500-1000KG)
B1465I,4,Institutional,9,Airport,101465,22321,3025,5782,4242,4381,4329,21759,4352,Highest Waste Production (>3500KG)
B1085Q,5,Industrial,13,Data Center,98261,384,369,249,242,561,504,1925,385,Lowest Waste Production (<500KG)
B1492C,1,Commercial,3,Retail Non-Food,9376,945,37,151,122,113,339,762,152,Lowest Waste Production (<500KG)
B1105R,3,Educational,7,Nurseries,6570,235,747,594,954,968,539,3802,760,Low Waste Production (500-1000KG)
B1707E,3,Educational,7,Nurseries,6077,162,835,839,833,881,726,4114,823,Low Waste Production (500-1000KG)
B1669P,4,Institutional,9,Airport,100971,20476,3197,3284,4987,4994,3996,20458,4092,Highest Waste Production (>3500KG)
B1367K,6,Storage,15,Garage,127437,439,1026,1145,857,1109,1138,5275,1055,Moderate Waste Production (1000-1500KG)
B1897Y,1,Commercial,2,Office,13689,548,66,21,99,5,27,218,44,Lowest Waste Production (<500KG)
B1667Y,3,Educational,6,University,31635,25748,644,448,861,485,789,3227,645,Low Waste Production (500-1000KG)
B1909V,3,Educational,7,Nurseries,6514,106,533,984,996,570,987,4070,814,Low Waste Production (500-1000KG)
B1404O,5,Industrial,12,Manufacturing,18709,510,1112,1094,1053,1255,1128,5642,1128,Moderate Waste Production (1000-1500KG)
B1452B,4,Institutional,11,Fire Station,9794,204,391,234,310,218,326,1479,296,Lowest Waste Production (<500KG)
B1550C,3,Educational,6,University,29496,20005,891,862,893,921,584,4151,830,Low Waste Production (500-1000KG)
B1153N,3,Educational,8,Student residences,11765,7889,1132,1073,1147,1158,1023,5533,1107,Moderate Waste Production (1000-1500KG)
B1657G,3,Educational,6,University,28535,27572,643,844,911,511,981,3890,778,Low Waste Production (500-1000KG)
B1301O,1,Commercial,1,Retail Mixed,17723,2160,1651,1679,1211,1248,1173,6962,1392,Moderate Waste Production (1000-1500KG)
B1076I,1,Commercial,2,Office,11630,272,61,65,93,42,98,359,72,Lowest Waste Production (<500KG)
B1606H,6,Storage,15,Garage,124525,577,869,857,1191,901,1299,5117,1023,Moderate Waste Production (1000-1500KG)
B1939D,3,Educational,8,Student residences,11843,7701,1012,1079,1197,1166,1025,5479,1096,Moderate Waste Production (1000-1500KG)
B1839M,6,Storage,14,Warehouse,165741,428,1152,900,722,876,985,4635,927,Low Waste Production (500-1000KG)
B1089E,4,Institutional,10,Police Station,8554,199,1077,1030,763,1011,854,4735,947,Low Waste Production (500-1000KG)
B1148J,5,Industrial,13,Data Center,104264,583,262,288,355,268,378,1551,310,Lowest Waste Production (<500KG)
B1378C,4,Institutional,10,Police Station,9912,151,958,825,804,1062,1043,4692,938,Low Waste Production (500-1000KG)
B1519W,4,Institutional,10,Police Station,8131,119,1060,796,1157,1090,1031,5134,1027,Moderate Waste Production (1000-1500KG)
B1121K,5,Industrial,13,Data Center,100243,521,289,524,564,548,421,2346,469,Lowest Waste Production (<500KG)
B1301O,3,Educational,7,Nurseries,6016,150,813,760,639,548,519,3279,656,Low Waste Production (500-1000KG)
B1771D,2,Residential,5,Apartment,1422,2,6,8,10,10,8,42,8,Lowest Waste Production (<500KG)
B1886B,4,Institutional,10,Police Station,8168,144,1184,1016,897,1159,926,5182,1036,Moderate Waste Production (1000-1500KG)
B1320V,2,Residential,4,Landed Property,2395,5,11,12,10,15,12,60,12,Lowest Waste Production (<500KG)
B1863S,2,Residential,5,Apartment,1320,5,11,6,11,7,11,46,9,Lowest Waste Production (<500KG)
B1408U,3,Educational,8,Student residences,10056,8715,1137,1097,1092,1140,1064,5530,1106,Moderate Waste Production (1000-1500KG)
B1778E,1,Commercial,1,Retail Mixed,19009,2467,753,1212,491,731,1003,4190,838,Low Waste Production (500-1000KG)
B1977M,1,Commercial,2,Office,11432,718,24,91,68,49,76,308,62,Lowest Waste Production (<500KG)
B1426S,1,Commercial,1,Retail Mixed,19418,2688,331,1620,1489,699,1039,5178,1036,Moderate Waste Production (1000-1500KG)
B1268P,5,Industrial,13,Data Center,104195,531,238,370,522,408,390,1928,386,Lowest Waste Production (<500KG)
B1280R,4,Institutional,11,Fire Station,10621,184,354,236,379,356,292,1617,323,Lowest Waste Production (<500KG)
B1041R,3,Educational,8,Student residences,10346,9655,1044,1057,1199,1068,1108,5476,1095,Moderate Waste Production (1000-1500KG)
B1255P,2,Residential,5,Apartment,1438,5,8,8,7,7,10,40,8,Lowest Waste Production (<500KG)
B1075X,5,Industrial,12,Manufacturing,18751,264,1061,1133,1211,1162,1234,5801,1160,Moderate Waste Production (1000-1500KG)
B1792D,4,Institutional,9,Airport,98462,21835,4640,4581,4059,5112,5672,24064,4813,Highest Waste Production (>3500KG)
B1447E,3,Educational,7,Nurseries,6877,256,765,777,995,568,871,3976,795,Low Waste Production (500-1000KG)
B1910N,4,Institutional,10,Police Station,9817,177,739,1080,1024,1193,981,5017,1003,Moderate Waste Production (1000-1500KG)
B1455E,4,Institutional,10,Police Station,9531,186,1166,993,949,889,722,4719,944,Low Waste Production (500-1000KG)
B1418C,3,Educational,7,Nurseries,6005,263,617,688,901,702,758,3666,733,Low Waste Production (500-1000KG)
B1750Y,6,Storage,14,Warehouse,156563,341,651,954,762,1273,1213,4853,971,Low Waste Production (500-1000KG)
B1959N,3,Educational,6,University,32474,24791,778,500,426,976,550,3230,646,Low Waste Production (500-1000KG)
B1777Q,4,Institutional,10,Police Station,8903,167,762,1028,967,992,878,4627,925,Low Waste Production (500-1000KG)
B1479Z,3,Educational,6,University,30399,22495,447,677,777,582,561,3044,609,Low Waste Production (500-1000KG)
B1251H,5,Industrial,12,Manufacturing,18314,523,1110,1183,1069,1145,1227,5734,1147,Moderate Waste Production (1000-1500KG)
B1851Q,3,Educational,6,University,34371,24173,814,600,700,971,565,3650,730,Low Waste Production (500-1000KG)
B1076S,3,Educational,7,Nurseries,6156,145,790,919,582,847,653,3791,758,Low Waste Production (500-1000KG)
B1903I,1,Commercial,1,Retail Mixed,11074,3364,674,1738,831,1374,1270,5887,1177,Moderate Waste Production (1000-1500KG)
B1325X,3,Educational,6,University,32905,21287,499,986,709,712,993,3899,780,Low Waste Production (500-1000KG)
B1978R,5,Industrial,13,Data Center,91080,481,266,349,314,267,531,1727,345,Lowest Waste Production (<500KG)
B1603L,2,Residential,4,Landed Property,2060,7,12,13,10,13,14,62,12,Lowest Waste Production (<500KG)
B1359P,4,Institutional,10,Police Station,8692,192,902,831,712,731,1017,4193,839,Low Waste Production (500-1000KG)
B1232W,3,Educational,7,Nurseries,6647,115,862,683,936,798,597,3876,775,Low Waste Production (500-1000KG)
B1288A,3,Educational,7,Nurseries,6531,186,940,939,578,923,709,4089,818,Low Waste Production (500-1000KG)
B1255J,3,Educational,6,University,33966,27604,940,428,792,444,683,3287,657,Low Waste Production (500-1000KG)
B1481Y,4,Institutional,9,Airport,103908,20337,5399,4690,3988,3319,3138,20534,4107,Highest Waste Production (>3500KG)
B1527M,5,Industrial,13,Data Center,109637,360,420,369,269,519,391,1968,394,Lowest Waste Production (<500KG)
B1374Y,3,Educational,8,Student residences,11764,6160,1129,1006,1159,1030,1071,5395,1079,Moderate Waste Production (1000-1500KG)
B1767H,1,Commercial,3,Retail Non-Food,9719,853,285,437,75,345,291,1433,287,Lowest Waste Production (<500KG)
B1090R,2,Residential,4,Landed Property,2679,5,14,14,15,10,10,63,13,Lowest Waste Production (<500KG)
B1380L,6,Storage,14,Warehouse,164319,523,1171,745,1211,1258,550,4935,987,Low Waste Production (500-1000KG)
B2000H,2,Residential,5,Apartment,1134,6,8,10,7,9,6,40,8,Lowest Waste Production (<500KG)
B1238L,5,Industrial,12,Manufacturing,19779,371,1100,1013,1160,1044,1157,5474,1095,Moderate Waste Production (1000-1500KG)
B1864C,2,Residential,5,Apartment,1285,4,11,9,9,10,9,48,10,Lowest Waste Production (<500KG)
B1100M,1,Commercial,1,Retail Mixed,19219,2304,1246,1227,758,1617,413,5261,1052,Moderate Waste Production (1000-1500KG)
B1558J,3,Educational,6,University,27269,24481,679,933,653,829,404,3498,700,Low Waste Production (500-1000KG)
B1312O,1,Commercial,1,Retail Mixed,16000,3131,410,1894,1969,1758,2083,8114,1623,Moderately High Waste Production (1500-2000KG)
B1171E,4,Institutional,9,Airport,103159,22764,4023,5608,4385,5917,4326,24259,4852,Highest Waste Production (>3500KG)
B1963S,6,Storage,14,Warehouse,151453,478,738,1012,1313,1264,583,4910,982,Low Waste Production (500-1000KG)
B1298E,3,Educational,8,Student residences,11983,7537,1021,1087,1033,1099,1170,5410,1082,Moderate Waste Production (1000-1500KG)
B1495X,2,Residential,4,Landed Property,2558,8,15,15,11,10,11,62,12,Lowest Waste Production (<500KG)
B1544K,2,Residential,4,Landed Property,2833,8,10,11,12,11,12,56,11,Lowest Waste Production (<500KG)
B1458T,3,Educational,6,University,31323,27674,456,681,764,567,925,3393,679,Low Waste Production (500-1000KG)
B1747X,3,Educational,8,Student residences,10915,6979,1175,1001,1002,1048,1080,5306,1061,Moderate Waste Production (1000-1500KG)
B1424T,1,Commercial,2,Office,11287,506,0,36,64,26,53,179,36,Lowest Waste Production (<500KG)
B1437B,2,Residential,5,Apartment,1166,4,7,9,6,9,7,38,8,Lowest Waste Production (<500KG)
B1429V,4,Institutional,9,Airport,98981,20410,4658,5713,5498,4743,5029,25641,5128,Highest Waste Production (>3500KG)
B1708B,5,Industrial,13,Data Center,97029,497,266,569,333,414,316,1898,380,Lowest Waste Production (<500KG)
B1718B,1,Commercial,2,Office,4273,574,13,14,97,23,93,240,48,Lowest Waste Production (<500KG)
B1113D,2,Residential,5,Apartment,1365,5,11,10,7,6,9,43,9,Lowest Waste Production (<500KG)
B1423U,4,Institutional,9,Airport,101645,22292,3112,3565,4425,3401,3051,17554,3511,Highest Waste Production (>3500KG)
B1391B,1,Commercial,1,Retail Mixed,22969,2981,1905,1201,1974,423,1245,6748,1350,Moderate Waste Production (1000-1500KG)
B1631N,6,Storage,15,Garage,125225,600,827,1040,918,1106,1055,4946,989,Low Waste Production (500-1000KG)
B1518U,2,Residential,5,Apartment,1397,6,7,11,6,10,9,43,9,Lowest Waste Production (<500KG)
B1030L,3,Educational,8,Student residences,11200,9289,1097,1045,1175,1181,1074,5572,1114,Moderate Waste Production (1000-1500KG)
B1748A,1,Commercial,1,Retail Mixed,12342,3498,1194,1730,900,604,2038,6466,1293,Moderate Waste Production (1000-1500KG)
B1668U,4,Institutional,10,Police Station,8982,151,1039,736,736,718,1107,4336,867,Low Waste Production (500-1000KG)
B1168P,6,Storage,15,Garage,125811,267,890,1070,960,1040,1158,5118,1024,Moderate Waste Production (1000-1500KG)
B1519G,6,Storage,15,Garage,124025,413,1285,1125,782,1120,1214,5526,1105,Moderate Waste Production (1000-1500KG)
B1013E,4,Institutional,9,Airport,101642,21553,5399,4313,5684,5293,3511,24200,4840,Highest Waste Production (>3500KG)
B1576Y,2,Residential,5,Apartment,1198,5,7,6,10,7,8,38,8,Lowest Waste Production (<500KG)
B1285U,3,Educational,8,Student residences,11702,7227,1003,1067,1132,1113,1109,5424,1085,Moderate Waste Production (1000-1500KG)
B1027I,4,Institutional,10,Police Station,9506,107,1052,1069,1117,1153,1174,5565,1113,Moderate Waste Production (1000-1500KG)
B1467A,3,Educational,7,Nurseries,6504,109,517,754,606,664,939,3480,696,Low Waste Production (500-1000KG)
B1252C,3,Educational,8,Student residences,11505,8579,1138,1174,1053,1092,1181,5638,1128,Moderate Waste Production (1000-1500KG)
B1274R,2,Residential,4,Landed Property,2209,6,14,11,15,12,14,66,13,Lowest Waste Production (<500KG)
B1572Z,4,Institutional,11,Fire Station,10369,103,248,373,343,251,395,1610,322,Lowest Waste Production (<500KG)
B1974A,2,Residential,5,Apartment,1329,5,8,10,9,6,9,42,8,Lowest Waste Production (<500KG)
B1783N,2,Residential,4,Landed Property,2745,5,10,15,15,15,11,66,13,Lowest Waste Production (<500KG)
B1264P,6,Storage,15,Garage,123836,255,1067,819,1109,952,882,4829,966,Low Waste Production (500-1000KG)
B1116D,3,Educational,8,Student residences,10720,8024,1165,1102,1066,1066,1130,5529,1106,Moderate Waste Production (1000-1500KG)
B1543U,6,Storage,15,Garage,125876,270,849,1024,783,773,988,4417,883,Low Waste Production (500-1000KG)
B1655I,3,Educational,7,Nurseries,6227,121,754,925,703,647,605,3634,727,Low Waste Production (500-1000KG)
B1691A,3,Educational,6,University,31878,24445,617,624,948,725,515,3429,686,Low Waste Production (500-1000KG)
B1622P,3,Educational,6,University,34348,22196,664,892,503,952,876,3887,777,Low Waste Production (500-1000KG)
B1506Z,1,Commercial,1,Retail Mixed,14730,3887,799,2006,709,1935,2197,7646,1529,Moderately High Waste Production (1500-2000KG)
B1368W,3,Educational,7,Nurseries,6741,252,749,528,731,532,645,3185,637,Low Waste Production (500-1000KG)
B1455D,6,Storage,15,Garage,127947,509,1036,896,1057,1185,1182,5356,1071,Moderate Waste Production (1000-1500KG)
B1889Z,3,Educational,8,Student residences,10306,6181,1110,1195,1093,1163,1015,5576,1115,Moderate Waste Production (1000-1500KG)
B1899I,4,Institutional,11,Fire Station,10160,177,325,272,252,291,302,1442,288,Lowest Waste Production (<500KG)
B1087J,2,Residential,5,Apartment,1086,5,9,9,8,7,11,44,9,Lowest Waste Production (<500KG)
B1991P,3,Educational,7,Nurseries,6894,173,817,594,830,701,657,3599,720,Low Waste Production (500-1000KG)
B1375X,6,Storage,14,Warehouse,152515,265,1385,524,1269,1372,1240,5790,1158,Moderate Waste Production (1000-1500KG)
B1918P,4,Institutional,9,Airport,98369,21655,5122,4929,4184,5268,4603,24106,4821,Highest Waste Production (>3500KG)
B1651B,2,Residential,5,Apartment,1110,3,9,7,10,10,11,47,9,Lowest Waste Production (<500KG)
B1808V,3,Educational,7,Nurseries,6371,175,959,1000,659,618,785,4021,804,Low Waste Production (500-1000KG)
B1015U,3,Educational,7,Nurseries,6433,238,848,881,955,858,650,4192,838,Low Waste Production (500-1000KG)
B1243G,4,Institutional,11,Fire Station,9295,124,372,326,280,398,400,1776,355,Lowest Waste Production (<500KG)
B1316R,2,Residential,4,Landed Property,2974,9,14,12,14,13,11,64,13,Lowest Waste Production (<500KG)
B1848I,6,Storage,15,Garage,126725,573,1239,1052,1188,863,1192,5534,1107,Moderate Waste Production (1000-1500KG)
B1689K,4,Institutional,11,Fire Station,10751,210,307,391,254,230,389,1571,314,Lowest Waste Production (<500KG)
B1253W,5,Industrial,13,Data Center,99666,583,277,395,487,450,443,2052,410,Lowest Waste Production (<500KG)
B1775C,2,Residential,5,Apartment,1365,6,9,10,9,11,11,50,10,Lowest Waste Production (<500KG)
B1484C,2,Residential,5,Apartment,1391,4,6,6,8,8,9,37,7,Lowest Waste Production (<500KG)
B1325N,4,Institutional,9,Airport,100281,22860,3470,3249,3480,4484,4464,19147,3829,Highest Waste Production (>3500KG)
B1341V,5,Industrial,13,Data Center,100598,518,330,204,441,517,405,1897,379,Lowest Waste Production (<500KG)
B1850W,6,Storage,14,Warehouse,150876,572,1268,760,923,1351,869,5171,1034,Moderate Waste Production (1000-1500KG)
B1409S,1,Commercial,3,Retail Non-Food,10027,1140,92,246,422,161,286,1207,241,Lowest Waste Production (<500KG)
B1034C,4,Institutional,10,Police Station,8233,185,777,970,798,980,1128,4653,931,Low Waste Production (500-1000KG)
B1554R,1,Commercial,1,Retail Mixed,22854,3188,2157,2079,749,449,2133,7567,1513,Moderately High Waste Production (1500-2000KG)
B1942G,3,Educational,6,University,26842,22957,963,909,540,890,910,4212,842,Low Waste Production (500-1000KG)
B1565G,2,Residential,4,Landed Property,2443,9,10,13,13,10,12,58,12,Lowest Waste Production (<500KG)
B1326N,3,Educational,7,Nurseries,6115,285,821,560,744,896,590,3611,722,Low Waste Production (500-1000KG)
B1068R,4,Institutional,10,Police Station,8786,148,862,744,1070,805,1028,4509,902,Low Waste Production (500-1000KG)
B1724Y,4,Institutional,10,Police Station,9645,100,995,921,1070,1176,954,5116,1023,Moderate Waste Production (1000-1500KG)
B1635W,6,Storage,15,Garage,127602,386,810,1155,771,870,971,4577,915,Low Waste Production (500-1000KG)
B1884N,6,Storage,14,Warehouse,168322,272,1171,797,1067,1083,667,4785,957,Low Waste Production (500-1000KG)
B1442A,2,Residential,5,Apartment,1364,5,7,7,9,10,9,42,8,Lowest Waste Production (<500KG)
B1359C,3,Educational,7,Nurseries,6152,176,929,847,735,954,956,4421,884,Low Waste Production (500-1000KG)
B1745U,3,Educational,6,University,27765,29013,680,814,634,942,483,3553,711,Low Waste Production (500-1000KG)
B1123H,5,Industrial,13,Data Center,100368,538,222,475,400,339,339,1775,355,Lowest Waste Production (<500KG)
B1975Q,3,Educational,8,Student residences,10848,6485,1028,1059,1014,1095,1158,5354,1071,Moderate Waste Production (1000-1500KG)
B1174I,5,Industrial,12,Manufacturing,18051,284,1028,1147,1061,1020,1255,5511,1102,Moderate Waste Production (1000-1500KG)
B1960L,3,Educational,8,Student residences,11855,8422,1002,1115,1144,1129,1115,5505,1101,Moderate Waste Production (1000-1500KG)
B1288R,4,Institutional,11,Fire Station,10216,204,212,207,354,238,375,1386,277,Lowest Waste Production (<500KG)
B1945K,5,Industrial,13,Data Center,104291,531,278,252,585,487,457,2059,412,Lowest Waste Production (<500KG)
B1940Q,1,Commercial,2,Office,14532,143,72,0,76,69,47,264,53,Lowest Waste Production (<500KG)
B1878V,6,Storage,15,Garage,129001,477,790,774,1190,916,1164,4834,967,Low Waste Production (500-1000KG)
B1073Y,1,Commercial,3,Retail Non-Food,11609,826,362,148,216,301,16,1043,209,Lowest Waste Production (<500KG)
B1233I,4,Institutional,11,Fire Station,9933,115,248,336,285,210,339,1418,284,Lowest Waste Production (<500KG)
B1729Z,3,Educational,6,University,28479,27892,981,669,431,890,487,3458,692,Low Waste Production (500-1000KG)
B1691S,3,Educational,8,Student residences,11545,7933,1190,1178,1026,1001,1147,5542,1108,Moderate Waste Production (1000-1500KG)
B1250A,2,Residential,5,Apartment,1301,4,8,9,6,6,9,38,8,Lowest Waste Production (<500KG)
B1192R,4,Institutional,9,Airport,96454,22078,3241,3148,4664,4935,4311,20299,4060,Highest Waste Production (>3500KG)
B1817I,3,Educational,8,Student residences,11239,8149,1100,1149,1138,1160,1145,5692,1138,Moderate Waste Production (1000-1500KG)
B1465G,4,Institutional,9,Airport,97427,21977,5639,4937,3616,4094,4405,22691,4538,Highest Waste Production (>3500KG)
B1620H,2,Residential,5,Apartment,1233,4,11,8,11,10,11,51,10,Lowest Waste Production (<500KG)
B1050M,2,Residential,4,Landed Property,2287,6,11,10,12,11,10,54,11,Lowest Waste Production (<500KG)
B1102G,3,Educational,6,University,25062,26749,720,565,454,540,401,2680,536,Low Waste Production (500-1000KG)
B1991C,2,Residential,5,Apartment,1056,4,7,11,7,9,9,43,9,Lowest Waste Production (<500KG)
B1195E,3,Educational,7,Nurseries,6285,282,602,822,671,836,736,3667,733,Low Waste Production (500-1000KG)
B1121D,1,Commercial,2,Office,5587,548,22,14,46,50,14,146,29,Lowest Waste Production (<500KG)
B1902S,2,Residential,5,Apartment,1490,2,7,9,8,11,8,43,9,Lowest Waste Production (<500KG)
B1934U,4,Institutional,9,Airport,102868,20091,4256,5859,4347,5103,3189,22754,4551,Highest Waste Production (>3500KG)
B1684X,3,Educational,8,Student residences,11904,9381,1065,1188,1169,1014,1040,5476,1095,Moderate Waste Production (1000-1500KG)
B1648B,2,Residential,4,Landed Property,2406,9,13,10,15,10,11,59,12,Lowest Waste Production (<500KG)
B1538U,4,Institutional,9,Airport,103578,21837,4989,3034,3169,3018,5926,20136,4027,Highest Waste Production (>3500KG)
B1836U,3,Educational,8,Student residences,11033,6596,1009,1111,1087,1015,1189,5411,1082,Moderate Waste Production (1000-1500KG)
B1626J,2,Residential,5,Apartment,1195,6,6,7,6,8,11,38,8,Lowest Waste Production (<500KG)
B1364B,3,Educational,6,University,25262,20337,645,828,909,442,726,3550,710,Low Waste Production (500-1000KG)
B1471R,6,Storage,14,Warehouse,158317,294,1191,1050,1248,630,1122,5241,1048,Moderate Waste Production (1000-1500KG)
B1173X,3,Educational,8,Student residences,10099,6700,1101,1007,1109,1072,1165,5454,1091,Moderate Waste Production (1000-1500KG)
B1461U,3,Educational,6,University,34766,21130,753,627,628,902,834,3744,749,Low Waste Production (500-1000KG)
B1958J,5,Industrial,12,Manufacturing,18169,350,1008,1070,1241,1280,1292,5891,1178,Moderate Waste Production (1000-1500KG)
B1824O,5,Industrial,13,Data Center,92588,574,363,227,524,410,548,2072,414,Lowest Waste Production (<500KG)
B1768R,3,Educational,7,Nurseries,6378,265,587,609,859,834,806,3695,739,Low Waste Production (500-1000KG)
B1053E,6,Storage,15,Garage,129390,418,891,1091,1011,791,1140,4924,985,Low Waste Production (500-1000KG)
B1895X,2,Residential,5,Apartment,1261,6,11,8,8,11,7,45,9,Lowest Waste Production (<500KG)
B1611H,6,Storage,14,Warehouse,167657,550,821,591,1170,629,996,4207,841,Low Waste Production (500-1000KG)
B1626D,6,Storage,15,Garage,120290,363,1059,907,1185,846,768,4765,953,Low Waste Production (500-1000KG)
B1452B,3,Educational,6,University,28106,22206,519,694,426,824,763,3226,645,Low Waste Production (500-1000KG)
B1065P,5,Industrial,12,Manufacturing,18967,464,1080,1121,1284,1159,1217,5861,1172,Moderate Waste Production (1000-1500KG)
B1734A,3,Educational,6,University,32929,25040,530,811,934,499,474,3248,650,Low Waste Production (500-1000KG)
B1421O,1,Commercial,2,Office,4829,149,62,14,88,54,81,299,60,Lowest Waste Production (<500KG)
B1819A,6,Storage,15,Garage,123895,588,816,1296,1264,964,894,5234,1047,Moderate Waste Production (1000-1500KG)
B1035W,4,Institutional,10,Police Station,9520,221,1173,743,940,1108,791,4755,951,Low Waste Production (500-1000KG)
B1706D,5,Industrial,12,Manufacturing,18679,453,1039,1034,1066,1275,1152,5566,1113,Moderate Waste Production (1000-1500KG)
B1294H,6,Storage,15,Garage,129741,275,756,798,981,807,931,4273,855,Low Waste Production (500-1000KG)
B1314C,4,Institutional,9,Airport,98250,22794,4318,5874,4747,5478,3973,24390,4878,Highest Waste Production (>3500KG)
B1588M,3,Educational,7,Nurseries,6749,270,929,609,612,692,925,3767,753,Low Waste Production (500-1000KG)
B1474M,3,Educational,8,Student residences,11606,9611,1081,1033,1119,1094,1016,5343,1069,Moderate Waste Production (1000-1500KG)
B1636N,6,Storage,15,Garage,127547,373,1255,958,1053,1005,1127,5398,1080,Moderate Waste Production (1000-1500KG)
B1172X,3,Educational,6,University,25557,25848,437,946,673,939,990,3985,797,Low Waste Production (500-1000KG)
B1077Q,6,Storage,15,Garage,124296,469,1241,945,940,1178,963,5267,1053,Moderate Waste Production (1000-1500KG)
B1539G,3,Educational,8,Student residences,11498,9237,1022,1077,1181,1200,1199,5679,1136,Moderate Waste Production (1000-1500KG)
B1875M,3,Educational,8,Student residences,10570,8772,1119,1027,1195,1118,1097,5556,1111,Moderate Waste Production (1000-1500KG)
B1395Y,3,Educational,6,University,33024,21638,780,633,622,948,457,3440,688,Low Waste Production (500-1000KG)
BM0045A,1,Commercial,1,Retail Mixed,"18,778",3653,1350,280,2070,900,1150,5750,1150,Moderate Waste Production (1000-1500KG)
BM0506E,1,Commercial,3,Retail Non-Food,"8,550",1200,350,280,400,0,410,1440,288,Lowest Waste Production (<500KG)
BM1037N,1,Commercial,2,Office,"15,000",400,65,80,70,70,25,310,62,Lowest Waste Production (<500KG)
BO00733E,1,Commercial,1,Retail Mixed,"22,253",3200,1200,450,1480,2150,750,6030,1206,Moderate Waste Production (1000-1500KG)
BO00773C,1,Commercial,1,Retail Mixed,"12,150",2154,650,830,0,950,310,2740,548,Low Waste Production (500-1000KG)
BO0134N,1,Commercial,3,Retail Non-Food,"11,550",750,120,135,0,0,60,315,63,Lowest Waste Production (<500KG)
BO0143E,1,Commercial,2,Office,"7,500",165,40,25,45,0,0,110,22,Lowest Waste Production (<500KG)
BY1343F,1,Commercial,2,Office,"4,000",80,40,35,28,15,17,135,27,Lowest Waste Production (<500KG)
